{"ggGamesNew":{"code":"// ==UserScript==\r\n// @name __MSG_name__\r\n// @downloadURL https://raw.githubusercontent.com/Feverqwe/tSearch/master/src/explorerModules/ggGamesNew.js\r\n// @connect *://*.gameguru.ru/*\r\n// @version 1.2\r\n// @cacheTTL 86400\r\n// @locale ru {\"name\": \"Игры: Новые\"}\r\n// @locale en {\"name\": \"Games: New\"}\r\n// @defaultLocale en\r\n// ==/UserScript==\r\n\r\nconst spaceReplace = text => {\r\n  return text.replace(/[\\s\\xA0]/g, ' ');\r\n};\r\n\r\nconst validateItem = item => {\r\n  Object.keys(item).forEach(key => {\r\n    if (!item[key]) {\r\n      throw new Error(`Item ${key} is empty!`);\r\n    }\r\n  });\r\n};\r\n\r\nconst text = node => {\r\n  return node && node.textContent || '';\r\n};\r\n\r\nconst normText = node => {\r\n  return spaceReplace(text(node)).trim();\r\n};\r\n\r\nconst prop = (node, prop) => {\r\n  return node && node[prop];\r\n};\r\n\r\nconst parseItem = item => {\r\n  const poster = prop(item.querySelector('.V7-img img[src]'), 'src');\r\n\r\n  const linkNode = item.querySelector('.V7-title a');\r\n  const url = prop(linkNode, 'href');\r\n  const title = normText(linkNode);\r\n\r\n  const result = {\r\n    title: title,\r\n    url: url\r\n  };\r\n\r\n  if (poster) {\r\n    result.poster = poster;\r\n  }\r\n\r\n  return result;\r\n};\r\n\r\nconst onPageLoad = response => {\r\n  const content = response.body;\r\n  const doc = API_getDoc(content, response.url);\r\n\r\n  const ddBl = {};\r\n  const results = [];\r\n  Array.from(doc.querySelectorAll('.V7-blocks > .V7-block')).forEach(item => {\r\n    try {\r\n      const result = parseItem(item);\r\n\r\n      if (ddBl[result.url]) {\r\n        throw new Error('Url already exists');\r\n      }\r\n      ddBl[result.url] = true;\r\n\r\n      validateItem(result);\r\n\r\n      results.push(result);\r\n    } catch (err) {\r\n      console.error('Parse item error', err);\r\n    }\r\n  });\r\n  return results;\r\n};\r\n\r\nconst getItems = () => {\r\n  const items = [];\r\n  let promise = Promise.resolve();\r\n  [1, 2, 3, 4, 5].forEach(page => {\r\n    promise = promise.then(() => {\r\n      return API_request({\r\n        method: 'GET',\r\n        url: `https://gameguru.ru/pc/games/released/page${page}/list.html`,\r\n      }).then(response => {\r\n        return onPageLoad(response);\r\n      }).then(_items => {\r\n        items.push(..._items);\r\n      });\r\n    });\r\n  });\r\n  return promise.then(() => items);\r\n};\r\n\r\nAPI_event('getItems', () => {\r\n  return getItems().then(items => {\r\n    return {\r\n      success: true,\r\n      items\r\n    };\r\n  });\r\n});","id":"ggGamesNew","meta":{"actions":[],"cacheTTL":86400,"connect":["*://*.gameguru.ru/*"],"defaultLocale":"en","downloadURL":"https://raw.githubusercontent.com/Feverqwe/tSearch/master/src/explorerModules/ggGamesNew.js","locales":{"en":{"name":"Games: New"},"ru":{"name":"Игры: Новые"}},"name":"__MSG_name__","require":[],"version":"1.2"},"options":{"autoUpdate":true,"lastUpdate":0}},"ggGamesTop":{"code":"// ==UserScript==\r\n// @name __MSG_name__\r\n// @downloadURL https://raw.githubusercontent.com/Feverqwe/tSearch/master/src/explorerModules/ggGamesTop.js\r\n// @connect *://*.gameguru.ru/*\r\n// @version 1.2\r\n// @cacheTTL 86400\r\n// @locale ru {\"name\": \"Игры: Лучшие\"}\r\n// @locale en {\"name\": \"Games: Best\"}\r\n// @defaultLocale en\r\n// ==/UserScript==\r\n\r\nconst spaceReplace = text => {\r\n  return text.replace(/[\\s\\xA0]/g, ' ');\r\n};\r\n\r\nconst validateItem = item => {\r\n  Object.keys(item).forEach(key => {\r\n    if (!item[key]) {\r\n      throw new Error(`Item ${key} is empty!`);\r\n    }\r\n  });\r\n};\r\n\r\nconst text = node => {\r\n  return node && node.textContent || '';\r\n};\r\n\r\nconst normText = node => {\r\n  return spaceReplace(text(node)).trim();\r\n};\r\n\r\nconst prop = (node, prop) => {\r\n  return node && node[prop];\r\n};\r\n\r\nconst parseItem = item => {\r\n  const poster = prop(item.querySelector('.V7-img img[src]'), 'src');\r\n\r\n  const linkNode = item.querySelector('.V7-title a');\r\n  const url = prop(linkNode, 'href');\r\n  const title = normText(linkNode);\r\n\r\n  const result = {\r\n    title: title,\r\n    url: url\r\n  };\r\n\r\n  if (poster) {\r\n    result.poster = poster;\r\n  }\r\n\r\n  return result;\r\n};\r\n\r\nconst onPageLoad = response => {\r\n  const content = response.body;\r\n  const doc = API_getDoc(content, response.url);\r\n\r\n  const ddBl = {};\r\n  const results = [];\r\n  Array.from(doc.querySelectorAll('.V7-blocks > .V7-block')).forEach(item => {\r\n    try {\r\n      const result = parseItem(item);\r\n\r\n      if (ddBl[result.url]) {\r\n        throw new Error('Url already exists');\r\n      }\r\n      ddBl[result.url] = true;\r\n\r\n      validateItem(result);\r\n\r\n      results.push(result);\r\n    } catch (err) {\r\n      console.error('Parse item error', err);\r\n    }\r\n  });\r\n  return results;\r\n};\r\n\r\nconst getItems = () => {\r\n  const items = [];\r\n  let promise = Promise.resolve();\r\n  [1, 2, 3, 4, 5].forEach(page => {\r\n    promise = promise.then(() => {\r\n      return API_request({\r\n        method: 'GET',\r\n        url: `https://gameguru.ru/pc/games/rated/page${page}/list.html`,\r\n      }).then(response => {\r\n        return onPageLoad(response);\r\n      }).then(_items => {\r\n        items.push(..._items);\r\n      });\r\n    });\r\n  });\r\n  return promise.then(() => items);\r\n};\r\n\r\nAPI_event('getItems', () => {\r\n  return getItems().then(items => {\r\n    return {\r\n      success: true,\r\n      items\r\n    };\r\n  });\r\n});","id":"ggGamesTop","meta":{"actions":[],"cacheTTL":86400,"connect":["*://*.gameguru.ru/*"],"defaultLocale":"en","downloadURL":"https://raw.githubusercontent.com/Feverqwe/tSearch/master/src/explorerModules/ggGamesTop.js","locales":{"en":{"name":"Games: Best"},"ru":{"name":"Игры: Лучшие"}},"name":"__MSG_name__","require":[],"version":"1.2"},"options":{"autoUpdate":true,"lastUpdate":0}},"imdbInCinema":{"code":"// ==UserScript==\r\n// @name __MSG_name__\r\n// @downloadURL https://raw.githubusercontent.com/Feverqwe/tSearch/master/src/explorerModules/imdbInCinema.js\r\n// @connect *://*.imdb.com/*\r\n// @version 1.2\r\n// @cacheTTL 86400\r\n// @locale ru {\"name\": \"IMDB: Сейчас в кино\"}\r\n// @locale en {\"name\": \"IMDB: Now in movie\"}\r\n// @defaultLocale en\r\n// ==/UserScript==\r\n\r\nconst imdbGetImgFilename = url => {\r\n  return url.replace(/(\\/images\\/.+)_V1.*$/, '$1_V1_SX120_.jpg');\r\n};\r\n\r\nconst spaceReplace = text => {\r\n  return text.replace(/[\\s\\xA0]/g, ' ');\r\n};\r\n\r\nconst parseTitleYear = text => {\r\n  const m = /^(.*)\\s+\\((\\d{4})\\)$/.exec(text);\r\n  if (m) {\r\n    return {\r\n      title: m[1],\r\n      year: parseInt(m[2], 10)\r\n    };\r\n  }\r\n};\r\n\r\nconst rmRef = url => {\r\n  return url.replace(/\\?ref.*$/, '');\r\n};\r\n\r\nconst validateItem = item => {\r\n  Object.keys(item).forEach(key => {\r\n    if (!item[key]) {\r\n      throw new Error(`Item ${key} is empty!`);\r\n    }\r\n  });\r\n};\r\n\r\nconst text = node => {\r\n  return node && node.textContent || '';\r\n};\r\n\r\nconst normText = node => {\r\n  return spaceReplace(text(node)).trim();\r\n};\r\n\r\nconst prop = (node, prop) => {\r\n  return node && node[prop];\r\n};\r\n\r\nconst parseItem = item => {\r\n  const poster = imdbGetImgFilename(prop(item.querySelector('div.image img[src]'), 'src') || '');\r\n\r\n  const linkNode = item.querySelector('.overview-top a');\r\n  const url = rmRef(prop(linkNode, 'href'));\r\n\r\n  let title = null;\r\n  let year = null;\r\n  const titleInfo = parseTitleYear(normText(linkNode));\r\n  if (titleInfo) {\r\n    title = titleInfo.title;\r\n    year = titleInfo.year;\r\n  }\r\n\r\n  if (year) {\r\n    if (title) {\r\n      title += ' ' + year;\r\n    }\r\n  }\r\n\r\n  const result = {\r\n    title: title,\r\n    url: url\r\n  };\r\n\r\n  if (poster) {\r\n    result.poster = poster;\r\n  }\r\n\r\n  return result;\r\n};\r\n\r\nconst onPageLoad = response => {\r\n  const content = response.body;\r\n  const doc = API_getDoc(content, response.url);\r\n\r\n  const ddBl = {};\r\n  const results = [];\r\n  Array.from(doc.querySelectorAll('table.nm-title-overview-widget-layout')).forEach(item => {\r\n    try {\r\n      const result = parseItem(item);\r\n\r\n      if (ddBl[result.url]) {\r\n        throw new Error('Url already exists');\r\n      }\r\n      ddBl[result.url] = true;\r\n\r\n      validateItem(result);\r\n\r\n      results.push(result);\r\n    } catch (err) {\r\n      console.error('Parse item error', err);\r\n    }\r\n  });\r\n  return results;\r\n};\r\n\r\nconst getItems = () => {\r\n  return API_request({\r\n    method: 'GET',\r\n    url: `https://www.imdb.com/movies-in-theaters/`,\r\n  }).then(response => {\r\n    return onPageLoad(response);\r\n  });\r\n};\r\n\r\nAPI_event('getItems', () => {\r\n  return getItems().then(items => {\r\n    return {\r\n      success: true,\r\n      items\r\n    };\r\n  });\r\n});","id":"imdbInCinema","meta":{"actions":[],"cacheTTL":86400,"connect":["*://*.imdb.com/*"],"defaultLocale":"en","downloadURL":"https://raw.githubusercontent.com/Feverqwe/tSearch/master/src/explorerModules/imdbInCinema.js","locales":{"en":{"name":"IMDB: Now in movie"},"ru":{"name":"IMDB: Сейчас в кино"}},"name":"__MSG_name__","require":[],"version":"1.2"},"options":{"autoUpdate":true,"lastUpdate":0}},"imdbPopular":{"code":"// ==UserScript==\r\n// @name __MSG_name__\r\n// @downloadURL https://raw.githubusercontent.com/Feverqwe/tSearch/master/src/explorerModules/imdbPopular.js\r\n// @connect *://*.imdb.com/*\r\n// @version 1.2\r\n// @cacheTTL 86400\r\n// @locale ru {\"name\": \"IMDB: Фильмы\"}\r\n// @locale en {\"name\": \"IMDB: Movies\"}\r\n// @defaultLocale en\r\n// ==/UserScript==\r\n\r\nconst imdbGetImgFilename = url => {\r\n  return url.replace(/(\\/images\\/.+)_V1.*$/, '$1_V1_SX120_.jpg');\r\n};\r\n\r\nconst spaceReplace = text => {\r\n  return text.replace(/[\\s\\xA0]/g, ' ');\r\n};\r\n\r\nconst rmRef = url => {\r\n  return url.replace(/\\?ref.*$/, '');\r\n};\r\n\r\nconst validateItem = item => {\r\n  Object.keys(item).forEach(key => {\r\n    if (!item[key]) {\r\n      throw new Error(`Item ${key} is empty!`);\r\n    }\r\n  });\r\n};\r\n\r\nconst text = node => {\r\n  return node && node.textContent || '';\r\n};\r\n\r\nconst normText = node => {\r\n  return spaceReplace(text(node)).trim();\r\n};\r\n\r\nconst normYear = text => {\r\n  const m = /\\((\\d{4})\\)$/.exec(text);\r\n  if (m) {\r\n    return m[1];\r\n  }\r\n};\r\n\r\nconst prop = (node, prop) => {\r\n  return node && node[prop];\r\n};\r\n\r\nconst parseItem = item => {\r\n  const imgNode = item.querySelector('.lister-item-image img[loadlate]');\r\n  if (imgNode) {\r\n    imgNode.src = imgNode.getAttribute('loadlate');\r\n  }\r\n  const poster = imdbGetImgFilename(prop(imgNode, 'src') || '');\r\n\r\n  const linkNode = item.querySelector('.lister-item-header > a');\r\n  const url = rmRef(prop(linkNode, 'href'));\r\n  let title = normText(linkNode);\r\n\r\n  const year = normYear(normText(item.querySelector('.lister-item-header > a + span')));\r\n\r\n  if (year) {\r\n    if (title) {\r\n      title += ' ' + year;\r\n    }\r\n  }\r\n\r\n  const result = {\r\n    title: title,\r\n    url: url\r\n  };\r\n\r\n  if (poster) {\r\n    result.poster = poster;\r\n  }\r\n\r\n  return result;\r\n};\r\n\r\nconst onPageLoad = response => {\r\n  const content = response.body;\r\n  const doc = API_getDoc(content, response.url);\r\n\r\n  const ddBl = {};\r\n  const results = [];\r\n  Array.from(doc.querySelectorAll('.lister-list > .lister-item')).forEach(item => {\r\n    try {\r\n      const result = parseItem(item);\r\n\r\n      if (ddBl[result.url]) {\r\n        throw new Error('Url already exists');\r\n      }\r\n      ddBl[result.url] = true;\r\n\r\n      validateItem(result);\r\n\r\n      results.push(result);\r\n    } catch (err) {\r\n      console.error('Parse item error', err);\r\n    }\r\n  });\r\n  return results;\r\n};\r\n\r\nconst getItems = () => {\r\n  return API_request({\r\n    method: 'GET',\r\n    url: `https://www.imdb.com/search/title?count=100&title_type=feature`,\r\n  }).then(response => {\r\n    return onPageLoad(response);\r\n  });\r\n};\r\n\r\nAPI_event('getItems', () => {\r\n  return getItems().then(items => {\r\n    return {\r\n      success: true,\r\n      items\r\n    };\r\n  });\r\n});","id":"imdbPopular","meta":{"actions":[],"cacheTTL":86400,"connect":["*://*.imdb.com/*"],"defaultLocale":"en","downloadURL":"https://raw.githubusercontent.com/Feverqwe/tSearch/master/src/explorerModules/imdbPopular.js","locales":{"en":{"name":"IMDB: Movies"},"ru":{"name":"IMDB: Фильмы"}},"name":"__MSG_name__","require":[],"version":"1.2"},"options":{"autoUpdate":true,"lastUpdate":0}},"imdbSeries":{"code":"// ==UserScript==\r\n// @name __MSG_name__\r\n// @downloadURL https://raw.githubusercontent.com/Feverqwe/tSearch/master/src/explorerModules/imdbSeries.js\r\n// @connect *://*.imdb.com/*\r\n// @version 1.2\r\n// @cacheTTL 86400\r\n// @locale ru {\"name\": \"IMDB: Сериалы\"}\r\n// @locale en {\"name\": \"IMDB: TV Series\"}\r\n// @defaultLocale en\r\n// ==/UserScript==\r\n\r\nconst imdbGetImgFilename = url => {\r\n  return url.replace(/(\\/images\\/.+)_V1.*$/, '$1_V1_SX120_.jpg');\r\n};\r\n\r\nconst spaceReplace = text => {\r\n  return text.replace(/[\\s\\xA0]/g, ' ');\r\n};\r\n\r\nconst rmRef = url => {\r\n  return url.replace(/\\?ref.*$/, '');\r\n};\r\n\r\nconst validateItem = item => {\r\n  Object.keys(item).forEach(key => {\r\n    if (!item[key]) {\r\n      throw new Error(`Item ${key} is empty!`);\r\n    }\r\n  });\r\n};\r\n\r\nconst text = node => {\r\n  return node && node.textContent || '';\r\n};\r\n\r\nconst normText = node => {\r\n  return spaceReplace(text(node)).trim();\r\n};\r\n\r\nconst prop = (node, prop) => {\r\n  return node && node[prop];\r\n};\r\n\r\nconst parseItem = item => {\r\n  const imgNode = item.querySelector('.lister-item-image img[loadlate]');\r\n  if (imgNode) {\r\n    imgNode.src = imgNode.getAttribute('loadlate');\r\n  }\r\n  const poster = imdbGetImgFilename(prop(imgNode, 'src') || '');\r\n\r\n  const linkNode = item.querySelector('.lister-item-header > a');\r\n  const url = rmRef(prop(linkNode, 'href'));\r\n  let title = normText(linkNode);\r\n\r\n  const result = {\r\n    title: title,\r\n    url: url\r\n  };\r\n\r\n  if (poster) {\r\n    result.poster = poster;\r\n  }\r\n\r\n  return result;\r\n};\r\n\r\nconst onPageLoad = response => {\r\n  const content = response.body;\r\n  const doc = API_getDoc(content, response.url);\r\n\r\n  const ddBl = {};\r\n  const results = [];\r\n  Array.from(doc.querySelectorAll('.lister-list > .lister-item')).forEach(item => {\r\n    try {\r\n      const result = parseItem(item);\r\n\r\n      if (ddBl[result.url]) {\r\n        throw new Error('Url already exists');\r\n      }\r\n      ddBl[result.url] = true;\r\n\r\n      validateItem(result);\r\n\r\n      results.push(result);\r\n    } catch (err) {\r\n      console.error('Parse item error', err);\r\n    }\r\n  });\r\n  return results;\r\n};\r\n\r\nconst getItems = () => {\r\n  return API_request({\r\n    method: 'GET',\r\n    url: `https://www.imdb.com/search/title?count=100&title_type=tv_series`,\r\n  }).then(response => {\r\n    return onPageLoad(response);\r\n  });\r\n};\r\n\r\nAPI_event('getItems', () => {\r\n  return getItems().then(items => {\r\n    return {\r\n      success: true,\r\n      items\r\n    };\r\n  });\r\n});","id":"imdbSeries","meta":{"actions":[],"cacheTTL":86400,"connect":["*://*.imdb.com/*"],"defaultLocale":"en","downloadURL":"https://raw.githubusercontent.com/Feverqwe/tSearch/master/src/explorerModules/imdbSeries.js","locales":{"en":{"name":"IMDB: TV Series"},"ru":{"name":"IMDB: Сериалы"}},"name":"__MSG_name__","require":[],"version":"1.2"},"options":{"autoUpdate":true,"lastUpdate":0}},"kpFavorites":{"code":"// ==UserScript==\r\n// @name __MSG_name__\r\n// @downloadURL https://raw.githubusercontent.com/Feverqwe/tSearch/master/src/explorerModules/kpFavorites.js\r\n// @siteURL https://www.kinopoisk.ru\r\n// @connect *://*.kinopoisk.ru/*\r\n// @version 1.1\r\n// @action {\"icon\":\"update\",\"title\":\"__MSG_update__\",\"command\":\"update\"}\r\n// @locale ru {\"name\": \"Кинопоиск: Избранное\", \"update\": \"Обновить\"}\r\n// @locale en {\"name\": \"Kinopoisk: Favorites\", \"update\": \"Update\"}\r\n// @defaultLocale en\r\n// ==/UserScript==\r\n\r\nconst kpGetImgFileName = url => {\r\n  return url.replace(/sm_film/, 'film');\r\n};\r\n\r\nconst spaceReplace = text => {\r\n  return text.replace(/[\\s\\xA0]/g, ' ');\r\n};\r\n\r\nconst parseInfo = text => {\r\n  const m = /^(?:(.*)\\s+|)\\((\\d{4})[^)]*\\)(?:\\s+\\d+\\s+.{3}\\.)?$/.exec(text);\r\n  if (m) {\r\n    return {\r\n      title: m[1],\r\n      year: parseInt(m[2], 10)\r\n    };\r\n  }\r\n};\r\n\r\nconst validateItem = item => {\r\n  Object.keys(item).forEach(key => {\r\n    if (!item[key]) {\r\n      throw new Error(`Item ${key} is empty!`);\r\n    }\r\n  });\r\n};\r\n\r\nconst text = node => {\r\n  return node && node.textContent || '';\r\n};\r\n\r\nconst normText = node => {\r\n  return spaceReplace(text(node)).trim();\r\n};\r\n\r\nconst prop = (node, prop) => {\r\n  return node && node[prop];\r\n};\r\n\r\nconst parseItem = item => {\r\n  const linkNode = item.querySelector('div.info > a.name');\r\n  const url = prop(linkNode, 'href');\r\n  let title = normText(linkNode);\r\n\r\n  let year = null;\r\n  let titleOriginal = null;\r\n  const info = parseInfo(normText(item.querySelector('div.info > span')));\r\n  if (info) {\r\n    titleOriginal = info.title;\r\n    year = info.year;\r\n  }\r\n\r\n  const imgNode = item.querySelector('.poster img[src]');\r\n  const href = prop(imgNode, 'src');\r\n  if (/spacer\\.gif$/.test(href)) {\r\n    imgNode.src = imgNode.title;\r\n  }\r\n  const poster = kpGetImgFileName(prop(imgNode, 'src') || '');\r\n\r\n  if (year) {\r\n    if (title) {\r\n      title += ' ' + year;\r\n    }\r\n    if (titleOriginal) {\r\n      titleOriginal += ' ' + year;\r\n    }\r\n  }\r\n\r\n  const result = {\r\n    title: title,\r\n    url: url\r\n  };\r\n\r\n  if (titleOriginal) {\r\n    result.titleOriginal = titleOriginal;\r\n  }\r\n\r\n  if (poster) {\r\n    result.poster = poster;\r\n  }\r\n\r\n  return result;\r\n};\r\n\r\nconst onPageLoad = response => {\r\n  const content = response.body;\r\n  const doc = API_getDoc(content, response.url);\r\n\r\n  if (/www\\.kinopoisk\\.ru\\/$/.test(response.url)) {\r\n    const err = new Error('AUTH');\r\n    err.code = 'AUTH_REQUIRED';\r\n    err.url = 'https://www.kinopoisk.ru/#login';\r\n    throw err;\r\n  }\r\n\r\n  const ddBl = {};\r\n  const results = [];\r\n  Array.from(doc.querySelectorAll('#itemList > li.item')).forEach(item => {\r\n    try {\r\n      const result = parseItem(item);\r\n\r\n      if (ddBl[result.url]) {\r\n        throw new Error('Url already exists');\r\n      }\r\n      ddBl[result.url] = true;\r\n\r\n      validateItem(result);\r\n\r\n      results.push(result);\r\n    } catch (err) {\r\n      console.error('Parse item error', err);\r\n    }\r\n  });\r\n  return results;\r\n};\r\n\r\nconst getItems = (params) => {\r\n  const urls = [];\r\n  const items = [];\r\n  const category = params.categoryId;\r\n  const getPage = page => {\r\n    if (page > 20) {\r\n      console.warn('Favorite pages limit reached');\r\n      return;\r\n    }\r\n    return API_request({\r\n      method: 'GET',\r\n      url: `https://www.kinopoisk.ru/mykp/movies/list/type/${category}/page/${page}/sort/default/vector/desc/vt/all/format/full/perpage/25/`\r\n    }).then(response => {\r\n      return onPageLoad(response);\r\n    }).then(_items => {\r\n      const newItems = _items.filter(item => {\r\n        if (urls.indexOf(item.url) === -1) {\r\n          urls.push(item.url);\r\n          return true;\r\n        }\r\n      });\r\n      items.push(...newItems);\r\n      if (newItems.length) {\r\n        return getPage(page + 1);\r\n      }\r\n    });\r\n  };\r\n  return getPage(1).then(() => items);\r\n};\r\n\r\nAPI_event('getItems', () => {\r\n  return {\r\n    success: true,\r\n  };\r\n});\r\n\r\nAPI_event('command', (command, params) => {\r\n  switch (command) {\r\n    case 'update': {\r\n      return getItems(params).then(items => {\r\n        return {\r\n          success: true,\r\n          items\r\n        };\r\n      });\r\n    }\r\n  }\r\n});","id":"kpFavorites","meta":{"actions":[{"command":"update","icon":"update","title":"__MSG_update__"}],"cacheTTL":0,"connect":["*://*.kinopoisk.ru/*"],"defaultLocale":"en","downloadURL":"https://raw.githubusercontent.com/Feverqwe/tSearch/master/src/explorerModules/kpFavorites.js","locales":{"en":{"name":"Kinopoisk: Favorites","update":"Update"},"ru":{"name":"Кинопоиск: Избранное","update":"Обновить"}},"name":"__MSG_name__","require":[],"siteURL":"https://www.kinopoisk.ru","version":"1.1"},"options":{"autoUpdate":true,"lastUpdate":0}},"kpInCinema":{"code":"// ==UserScript==\r\n// @name __MSG_name__\r\n// @downloadURL https://raw.githubusercontent.com/Feverqwe/tSearch/master/src/explorerModules/kpInCinema.js\r\n// @connect *://*.kinopoisk.ru/*\r\n// @version 1.2\r\n// @cacheTTL 86400\r\n// @locale ru {\"name\": \"Кинопоиск: в кино\"}\r\n// @locale en {\"name\": \"Kinopoisk: in cinema\"}\r\n// @defaultLocale en\r\n// ==/UserScript==\r\n\r\nconst kpGetImgFileName = url => {\r\n  return url.replace(/sm_film/, 'film');\r\n};\r\n\r\nconst spaceReplace = text => {\r\n  return text.replace(/[\\s\\xA0]/g, ' ');\r\n};\r\n\r\nconst parseInfo = text => {\r\n  const m = /^(?:(.*)\\s+|)\\((\\d{4})[^)]*\\)(?:\\s+\\d+\\s+.{3}\\.)?$/.exec(text);\r\n  if (m) {\r\n    return {\r\n      title: m[1],\r\n      year: parseInt(m[2], 10)\r\n    };\r\n  }\r\n};\r\n\r\nconst validateItem = item => {\r\n  Object.keys(item).forEach(key => {\r\n    if (!item[key]) {\r\n      throw new Error(`Item ${key} is empty!`);\r\n    }\r\n  });\r\n};\r\n\r\nconst text = node => {\r\n  return node && node.textContent || '';\r\n};\r\n\r\nconst normText = node => {\r\n  return spaceReplace(text(node)).trim();\r\n};\r\n\r\nconst prop = (node, prop) => {\r\n  return node && node[prop];\r\n};\r\n\r\nconst parseItem = item => {\r\n  const poster = kpGetImgFileName(prop(item.querySelector('.poster img[src]'), 'src') || '');\r\n\r\n  const linkNode = item.querySelector('.info .name a');\r\n  let title = normText(linkNode);\r\n  const url = prop(linkNode, 'href');\r\n\r\n  let year = null;\r\n  let titleOriginal = null;\r\n  const info = parseInfo(normText(item.querySelector('.info .name span')));\r\n  if (info) {\r\n    titleOriginal = info.title;\r\n    year = info.year;\r\n  }\r\n\r\n  if (year) {\r\n    if (title) {\r\n      title += ' ' + year;\r\n    }\r\n    if (titleOriginal) {\r\n      titleOriginal += ' ' + year;\r\n    }\r\n  }\r\n\r\n  const result = {\r\n    title: title,\r\n    url: url\r\n  };\r\n\r\n  if (titleOriginal) {\r\n    result.titleOriginal = titleOriginal;\r\n  }\r\n\r\n  if (poster) {\r\n    result.poster = poster;\r\n  }\r\n\r\n  return result;\r\n};\r\n\r\nconst onPageLoad = response => {\r\n  const content = response.body;\r\n  const doc = API_getDoc(content, response.url);\r\n\r\n  const ddBl = {};\r\n  const results = [];\r\n  Array.from(doc.querySelectorAll('div.filmsListNew > div.item')).forEach(item => {\r\n    try {\r\n      const result = parseItem(item);\r\n\r\n      if (ddBl[result.url]) {\r\n        throw new Error('Url already exists');\r\n      }\r\n      ddBl[result.url] = true;\r\n\r\n      validateItem(result);\r\n\r\n      results.push(result);\r\n    } catch (err) {\r\n      console.error('Parse item error', err);\r\n    }\r\n  });\r\n  return results;\r\n};\r\n\r\nconst getItems = () => {\r\n  const items = [];\r\n  let promise = Promise.resolve();\r\n  ['0', '1', '2'].forEach(page => {\r\n    promise = promise.then(() => {\r\n      return API_request({\r\n        method: 'GET',\r\n        url: `https://www.kinopoisk.ru/afisha/new/page/${page}/`,\r\n      }).then(response => {\r\n        return onPageLoad(response);\r\n      }).then(_items => {\r\n        items.push(..._items);\r\n      }, err => {\r\n        console.error('Page load error', err);\r\n      });\r\n    });\r\n  });\r\n  return promise.then(() => items);\r\n};\r\n\r\nAPI_event('getItems', () => {\r\n  return getItems().then(items => {\r\n    return {\r\n      success: true,\r\n      items\r\n    };\r\n  });\r\n});","id":"kpInCinema","meta":{"actions":[],"cacheTTL":86400,"connect":["*://*.kinopoisk.ru/*"],"defaultLocale":"en","downloadURL":"https://raw.githubusercontent.com/Feverqwe/tSearch/master/src/explorerModules/kpInCinema.js","locales":{"en":{"name":"Kinopoisk: in cinema"},"ru":{"name":"Кинопоиск: в кино"}},"name":"__MSG_name__","require":[],"version":"1.2"},"options":{"autoUpdate":true,"lastUpdate":0}},"kpPopular":{"code":"// ==UserScript==\r\n// @name __MSG_name__\r\n// @downloadURL https://raw.githubusercontent.com/Feverqwe/tSearch/master/src/explorerModules/kpPopular.js\r\n// @connect *://*.kinopoisk.ru/*\r\n// @version 1.2\r\n// @cacheTTL 86400\r\n// @locale ru {\"name\": \"Фильмы\"}\r\n// @locale en {\"name\": \"Movies\"}\r\n// @defaultLocale en\r\n// ==/UserScript==\r\n\r\nconst spaceReplace = text => {\r\n  return text.replace(/[\\s\\xA0]/g, ' ');\r\n};\r\n\r\nconst parseTitleTypeYears = text => {\r\n  const m = /^(.*)\\s+\\((?:[^,]+,\\s)?(\\d{4})(?:\\s[^)]+)?\\)$/.exec(text);\r\n  if (m) {\r\n    return {\r\n      title: m[1],\r\n      year: parseInt(m[2], 10)\r\n    };\r\n  }\r\n};\r\n\r\nconst validateItem = item => {\r\n  Object.keys(item).forEach(key => {\r\n    if (!item[key]) {\r\n      throw new Error(`Item ${key} is empty!`);\r\n    }\r\n  });\r\n};\r\n\r\nconst text = node => {\r\n  return node && node.textContent || '';\r\n};\r\n\r\nconst normText = node => {\r\n  return spaceReplace(text(node)).trim();\r\n};\r\n\r\nconst prop = (node, prop) => {\r\n  return node && node[prop];\r\n};\r\n\r\nconst parseItem = item => {\r\n  const linkNode = item.querySelectorAll('a')[1];\r\n  const url = prop(linkNode, 'href');\r\n\r\n  let title = null;\r\n  let year = null;\r\n  const info = parseTitleTypeYears(normText(linkNode));\r\n  if (info) {\r\n    title = info.title;\r\n    year = info.year;\r\n  }\r\n\r\n  let poster = null;\r\n  const m = /[-\\/](\\d+)\\/$/.exec(url);\r\n  if (m) {\r\n    const tmpNode = linkNode.cloneNode();\r\n    tmpNode.href = `/images/film/${m[1]}.jpg`;\r\n    item.appendChild(tmpNode);\r\n    poster = tmpNode.href;\r\n  }\r\n\r\n  let titleOriginal = normText(item.querySelector('i'));\r\n\r\n  if (year) {\r\n    if (title) {\r\n      title += ' ' + year;\r\n    }\r\n    if (titleOriginal) {\r\n      titleOriginal += ' ' + year;\r\n    }\r\n  }\r\n\r\n  const result = {\r\n    title: title,\r\n    url: url\r\n  };\r\n\r\n  if (titleOriginal) {\r\n    result.titleOriginal = titleOriginal;\r\n  }\r\n\r\n  if (poster) {\r\n    result.poster = poster;\r\n  }\r\n\r\n  return result;\r\n};\r\n\r\nconst onPageLoad = response => {\r\n  const content = response.body;\r\n  const doc = API_getDoc(content, response.url);\r\n\r\n  const ddBl = {};\r\n  const results = [];\r\n  Array.from(doc.querySelectorAll('div.stat > div.el')).forEach(item => {\r\n    try {\r\n      const result = parseItem(item);\r\n\r\n      if (ddBl[result.url]) {\r\n        throw new Error('Url already exists');\r\n      }\r\n      ddBl[result.url] = true;\r\n\r\n      validateItem(result);\r\n\r\n      results.push(result);\r\n    } catch (err) {\r\n      console.error('Parse item error', err);\r\n    }\r\n  });\r\n  return results;\r\n};\r\n\r\nconst getItems = () => {\r\n  return API_request({\r\n    method: 'GET',\r\n    url: 'https://www.kinopoisk.ru/popular/day/now/perpage/200/',\r\n  }).then(response => {\r\n    return onPageLoad(response);\r\n  });\r\n};\r\n\r\nAPI_event('getItems', () => {\r\n  return getItems().then(items => {\r\n    return {\r\n      success: true,\r\n      items\r\n    };\r\n  });\r\n});","id":"kpPopular","meta":{"actions":[],"cacheTTL":86400,"connect":["*://*.kinopoisk.ru/*"],"defaultLocale":"en","downloadURL":"https://raw.githubusercontent.com/Feverqwe/tSearch/master/src/explorerModules/kpPopular.js","locales":{"en":{"name":"Movies"},"ru":{"name":"Фильмы"}},"name":"__MSG_name__","require":[],"version":"1.2"},"options":{"autoUpdate":true,"lastUpdate":0}},"kpSeries":{"code":"// ==UserScript==\r\n// @name __MSG_name__\r\n// @downloadURL https://raw.githubusercontent.com/Feverqwe/tSearch/master/src/explorerModules/kpSeries.js\r\n// @connect *://*.kinopoisk.ru/*\r\n// @version 1.2\r\n// @cacheTTL 86400\r\n// @locale ru {\"name\": \"Сериалы\"}\r\n// @locale en {\"name\": \"Series\"}\r\n// @defaultLocale en\r\n// ==/UserScript==\r\n\r\nconst kpGetImgFileName = url => {\r\n  return url.replace(/sm_film/, 'film');\r\n};\r\n\r\nconst spaceReplace = text => {\r\n  return text.replace(/[\\s\\xA0]/g, ' ');\r\n};\r\n\r\nconst parseTitleType = text => {\r\n  const m = /^(.*)\\s+\\([^)]+\\)$/.exec(text);\r\n  if (m) {\r\n    return {\r\n      title: m[1]\r\n    };\r\n  }\r\n};\r\n\r\nconst parseInfo = text => {\r\n  const m = /^(?:(.*)\\s+|)\\((\\d{4})[^)]*\\)(?:\\s+\\d+\\s+.{3}\\.)?$/.exec(text);\r\n  if (m) {\r\n    return {\r\n      title: m[1],\r\n      year: parseInt(m[2], 10)\r\n    };\r\n  }\r\n};\r\n\r\nconst validateItem = item => {\r\n  Object.keys(item).forEach(key => {\r\n    if (!item[key]) {\r\n      throw new Error(`Item ${key} is empty!`);\r\n    }\r\n  });\r\n};\r\n\r\nconst text = node => {\r\n  return node && node.textContent || '';\r\n};\r\n\r\nconst normText = node => {\r\n  return spaceReplace(text(node)).trim();\r\n};\r\n\r\nconst prop = (node, prop) => {\r\n  return node && node[prop];\r\n};\r\n\r\nconst parseItem = item => {\r\n  const linkNode = item.querySelector('td~td > div > a');\r\n  const url = prop(linkNode, 'href');\r\n\r\n  let title = null;\r\n  const titleType = parseTitleType(normText(linkNode));\r\n  if (titleType) {\r\n    title = titleType.title;\r\n  }\r\n\r\n  const imgNode = item.querySelector('.poster img[src]');\r\n  const href = prop(imgNode, 'src');\r\n  if (/spacer\\.gif$/.test(href)) {\r\n    imgNode.src = imgNode.title;\r\n  }\r\n  const poster = kpGetImgFileName(prop(imgNode, 'src') || '');\r\n\r\n  let titleOriginal = null;\r\n  const info = parseInfo(normText(item.querySelector('td~td > div > a~span')));\r\n  if (info) {\r\n    titleOriginal = info.title;\r\n  }\r\n\r\n  const result = {\r\n    title: title,\r\n    url: url\r\n  };\r\n\r\n  if (titleOriginal) {\r\n    result.titleOriginal = titleOriginal;\r\n  }\r\n\r\n  if (poster) {\r\n    result.poster = poster;\r\n  }\r\n\r\n  return result;\r\n};\r\n\r\nconst onPageLoad = response => {\r\n  const content = response.body;\r\n  const doc = API_getDoc(content, response.url);\r\n\r\n  const ddBl = {};\r\n  const results = [];\r\n  Array.from(doc.querySelectorAll('#itemList > tbody > tr')).forEach(item => {\r\n    try {\r\n      const result = parseItem(item);\r\n\r\n      if (ddBl[result.url]) {\r\n        throw new Error('Url already exists');\r\n      }\r\n      ddBl[result.url] = true;\r\n\r\n      validateItem(result);\r\n\r\n      results.push(result);\r\n    } catch (err) {\r\n      console.error('Parse item error', err);\r\n    }\r\n  });\r\n  return results;\r\n};\r\n\r\nconst getItems = () => {\r\n  return API_request({\r\n    method: 'GET',\r\n    url: 'https://www.kinopoisk.ru/top/lists/45/perpage/100/',\r\n  }).then(response => {\r\n    return onPageLoad(response);\r\n  });\r\n};\r\n\r\nAPI_event('getItems', () => {\r\n  return getItems().then(items => {\r\n    return {\r\n      success: true,\r\n      items\r\n    };\r\n  });\r\n});","id":"kpSeries","meta":{"actions":[],"cacheTTL":86400,"connect":["*://*.kinopoisk.ru/*"],"defaultLocale":"en","downloadURL":"https://raw.githubusercontent.com/Feverqwe/tSearch/master/src/explorerModules/kpSeries.js","locales":{"en":{"name":"Series"},"ru":{"name":"Сериалы"}},"name":"__MSG_name__","require":[],"version":"1.2"},"options":{"autoUpdate":true,"lastUpdate":0}}}