{"1036860":{"clicks":{},"count":1,"query":"1036860","time":1560420536},"":{"clicks":{},"count":1,"query":"","time":1559783584},"7 zio":{"clicks":{},"count":1,"query":"7 zio","time":1560776093},"7 zip":{"clicks":{"http://7tor.org/viewtopic.php?t=3417045&hilit=7+zip":{"time":1560776129,"title":"7-Zip 18.00 x86 x64 [2018, ENG + RUS] + 7-Zip Theme Manager 2.1.1 x86 x64 [2011, ENG]","trackerId":"0197a201-6fae-4dce-94b4-84002d5f37cd","url":"http://7tor.org/viewtopic.php?t=3417045&hilit=7+zip"}},"count":1,"query":"7 zip","time":1560776096},"7-Zip":{"clicks":{"http://www.filebase.ws/torrents/software/267043/":{"time":1560769501,"title":"7-Zip v18.01 (PortableAppS mod by addhaloka + PulseMod by wvxwxvw) [2018] PC","trackerId":"filebase","url":"http://www.filebase.ws/torrents/software/267043/"},"https://1337x.to/torrent/3609437/7-Zip-v19-00-Final-x86-x64-Plugins-Themes-B4tman/":{"time":1560769601,"title":"7-Zip v19.00 Final (x86 & x64) + Plugins + Themes {B4tman}","trackerId":"-1741332138","url":"https://1337x.to/torrent/3609437/7-Zip-v19-00-Final-x86-x64-Plugins-Themes-B4tman/"},"https://nnmclub.to/forum/viewtopic.php?t=1284674&sid=0e1a9d2a19207db0ac40610530d27a56":{"time":1560769464,"title":"7-Zip 19.00 Final [Multi/Ru]","trackerId":"nnmclub","url":"https://nnmclub.to/forum/viewtopic.php?t=1284674&sid=0e1a9d2a19207db0ac40610530d27a56"},"https://rutracker.org/forum/viewtopic.php?t=5120110":{"time":1560769462,"title":"7-Zip 15.12 Final x86 / x64 (Original + Portable) [The new Build: The release date of this new version in 19.11.2015 Year] MultiLanguage + Ukr + Rus","trackerId":"rutracker","url":"https://rutracker.org/forum/viewtopic.php?t=5120110"},"https://rutracker.org/forum/viewtopic.php?t=5514625":{"time":1560769401,"title":"7-Zip v18.01 PortableAppS mod by addhaloka + PulseMod by wvxwxvw [2018, x86/x64, Ml\\Rus]","trackerId":"rutracker","url":"https://rutracker.org/forum/viewtopic.php?t=5514625"}},"count":1,"query":"7-Zip","time":1560769377},"7-zip x64":{"clicks":{"http://7tor.org/viewtopic.php?t=3417045&hilit=7+zip+x64":{"time":1560772739,"title":"7-Zip 18.00 x86 x64 [2018, ENG + RUS] + 7-Zip Theme Manager 2.1.1 x86 x64 [2011, ENG]","trackerId":"0197a201-6fae-4dce-94b4-84002d5f37cd","url":"http://7tor.org/viewtopic.php?t=3417045&hilit=7+zip+x64"},"https://thepiratebay.org/torrent/30201337/7-Zip_v19.00_Final_(x86__amp__x64)___Plugins___Themes__B4tman_":{"time":1560771547,"title":"7-Zip v19.00 Final (x86 & x64) + Plugins + Themes {B4tman}","trackerId":"thepiratebay","url":"https://thepiratebay.org/torrent/30201337/7-Zip_v19.00_Final_(x86__amp__x64)___Plugins___Themes__B4tman_"}},"count":1,"query":"7-zip x64","time":1560771532},"ABBYY":{"clicks":{"https://rutracker.org/forum/viewtopic.php?t=5699200":{"time":1560706322,"title":"ABBYY FineReader 14 v14.0.107.232 Enterprise Lite Editions RePack by KpoJIuK [2019, Ml\\Rus]","trackerId":"rutracker","url":"https://rutracker.org/forum/viewtopic.php?t=5699200"}},"count":1,"query":"ABBYY","time":1560706314},"Acronis Disk":{"clicks":{"https://rutracker.org/forum/viewtopic.php?t=5595871":{"time":1560839519,"title":"Acronis Disk Director 12 Build v12.0.0.96 Final + BootCD [2018, Rus]","trackerId":"rutracker","url":"https://rutracker.org/forum/viewtopic.php?t=5595871"}},"count":1,"query":"Acronis Disk","time":1560839479},"Acronis Disk Director":{"clicks":{"http://emtrek.org/viewtopic.php?t=41884":{"time":1560840883,"title":"Acronis True Image 20.0.5554 / Disk Director 12.0.3270 (x86/x64/UEFI) [Ru]","trackerId":"080c74ad-d834-4ad8-8ec0-0eb3418be175","url":"http://emtrek.org/viewtopic.php?t=41884"},"http://emtrek.org/viewtopic.php?t=47488":{"time":1560838927,"title":"Auslogics Disk Defrag Pro v.4.9.3.0 Final | PC [2018, Rus/Multi] RePack & Portable by TryRooM","trackerId":"080c74ad-d834-4ad8-8ec0-0eb3418be175","url":"http://emtrek.org/viewtopic.php?t=47488"},"https://nnmclub.to/forum/viewtopic.php?t=1284034":{"time":1560838327,"title":"Acronis Disk Director 12 Build 12.5.163 RePack by KpoJIuK [Ru]","trackerId":"nnmclub","url":"https://nnmclub.to/forum/viewtopic.php?t=1284034"},"https://pb.wtf/topic/232024/":{"time":1560837454,"title":"Acronis Disk Director 12 Build 12.5.163 RePack by KpoJIuK [Ru]","trackerId":"piratebit","url":"https://pb.wtf/topic/232024/"},"https://rutracker.org/forum/viewtopic.php?t=5691998":{"time":1560841191,"title":"Acronis Disk Director 12 Build 12.5.163 RePack by KpoJIuK x86 x64 [2019, RUS]","trackerId":"rutracker","url":"https://rutracker.org/forum/viewtopic.php?t=5691998"}},"count":2,"query":"Acronis Disk Director","time":1560840861},"Adobe Acrobat Pro":{"clicks":{"https://pb.wtf/topic/332239/":{"time":1560705289,"title":"Adobe Acrobat Pro DC 2019.012.20035 RePack by KpoJIuK [Multi/Ru/2019]","trackerId":"piratebit","url":"https://pb.wtf/topic/332239/"}},"count":1,"query":"Adobe Acrobat Pro","time":1560705275},"Adobe Reader":{"clicks":{"https://rutracker.org/forum/viewtopic.php?t=5625555":{"time":1560703195,"title":"Adobe Acrobat Reader DC v2019.010.20099 RePack by KpoJIuK [2019, Multi/Ru]","trackerId":"rutracker","url":"https://rutracker.org/forum/viewtopic.php?t=5625555"}},"count":1,"query":"Adobe Reader","time":1560703165},"Adobecomponents":{"clicks":{},"count":2,"query":"Adobecomponents","time":1560715584},"Aomei NTFS to FAT32":{"clicks":{"http://emtrek.org/viewtopic.php?t=19359":{"time":1560843839,"title":"Raise Data Recovery for FAT/NTFS 5.11 Portable by Valx [Ru]","trackerId":"080c74ad-d834-4ad8-8ec0-0eb3418be175","url":"http://emtrek.org/viewtopic.php?t=19359"},"https://avg.club/topic-paragon_ntfs_v15459_multi_ru-t=109703.html":{"time":1560843796,"title":"Paragon NTFS v15.4.59 [Multi/Ru]","trackerId":"-105102117","url":"https://avg.club/topic-paragon_ntfs_v15459_multi_ru-t=109703.html"},"https://avg.club/topic-tuxera_ntfs_2018_multi_ru-t=109704.html":{"time":1560843773,"title":"Tuxera NTFS 2018 [Multi/Ru]","trackerId":"-105102117","url":"https://avg.club/topic-tuxera_ntfs_2018_multi_ru-t=109704.html"}},"count":1,"query":"Aomei NTFS to FAT32","time":1560843766},"Auslogics Disk Defrag Pro":{"clicks":{"https://rutracker.org/forum/viewtopic.php?t=5563189":{"time":1560838971,"title":"Auslogics Disk Defrag Pro 4.9.20.0 RePack (& Portable) by TryRooM [2019, MULTILANG +RUS]","trackerId":"rutracker","url":"https://rutracker.org/forum/viewtopic.php?t=5563189"}},"count":1,"query":"Auslogics Disk Defrag Pro","time":1560838939},"Baidu cloud":{"clicks":{"https://nnmclub.to/forum/viewtopic.php?t=1095087":{"time":1560391525,"title":"Baidu Cloud 5.5.2 [Cn]","trackerId":"nnmclub","url":"https://nnmclub.to/forum/viewtopic.php?t=1095087"}},"count":1,"query":"Baidu cloud","time":1560391511},"Coolmuster PDF Password Remover":{"clicks":{},"count":1,"query":"Coolmuster PDF Password Remover","time":1560708213},"D-Soft Flash":{"clicks":{"http://7tor.org/viewtopic.php?t=766453&hilit=D+Soft+Flash":{"time":1560842266,"title":"D-Soft Flash Doctor 1.0.4 RC1 Portable [Русский]","trackerId":"0197a201-6fae-4dce-94b4-84002d5f37cd","url":"http://7tor.org/viewtopic.php?t=766453&hilit=D+Soft+Flash"},"http://emtrek.org/viewtopic.php?t=44756":{"time":1560842229,"title":"USB-boot Flash Plus MinstAll by StartSoft 61-2017 Full [Ru]","trackerId":"080c74ad-d834-4ad8-8ec0-0eb3418be175","url":"http://emtrek.org/viewtopic.php?t=44756"}},"count":1,"query":"D-Soft Flash","time":1560842217},"D-Soft Flash Doctor":{"clicks":{"http://emtrek.org/viewtopic.php?t=44950":{"time":1560842198,"title":"Kerish Doctor 4.70 ( 2018) РС | RePack by KpoJIuK","trackerId":"080c74ad-d834-4ad8-8ec0-0eb3418be175","url":"http://emtrek.org/viewtopic.php?t=44950"}},"count":2,"query":"D-Soft Flash Doctor","time":1560842331},"Disk Drill Professional":{"clicks":{"http://emtrek.org/viewtopic.php?t=46411":{"time":1560839797,"title":"Defraggler Professional / Technician Edition 2.22.995 Final (2018) РС | RePack & Portable by D!akov","trackerId":"080c74ad-d834-4ad8-8ec0-0eb3418be175","url":"http://emtrek.org/viewtopic.php?t=46411"},"http://emtrek.org/viewtopic.php?t=46420":{"time":1560839762,"title":"SoftPerfect RAM Disk 3.4.8 / 4.0.7 (2016-2018) PC | + RePack by KpoJIuK","trackerId":"080c74ad-d834-4ad8-8ec0-0eb3418be175","url":"http://emtrek.org/viewtopic.php?t=46420"},"http://emtrek.org/viewtopic.php?t=46480":{"time":1560839833,"title":"Paragon Hard Disk Manager 16 v16.18.6 Final (2018) PC","trackerId":"080c74ad-d834-4ad8-8ec0-0eb3418be175","url":"http://emtrek.org/viewtopic.php?t=46480"},"http://emtrek.org/viewtopic.php?t=48789":{"time":1560839741,"title":"MCS Drivers Disk v.19.2.18.1480 [11.03.2019] [2019, Rus/Multi, 32bit/64bit] by Lexua","trackerId":"080c74ad-d834-4ad8-8ec0-0eb3418be175","url":"http://emtrek.org/viewtopic.php?t=48789"}},"count":1,"query":"Disk Drill Professional","time":1560839720},"Drive Converter":{"clicks":{},"count":1,"query":"Drive Converter","time":1560841567},"Drive Converter disk":{"clicks":{},"count":1,"query":"Drive Converter disk","time":1560841629},"Drive Converter disk windows":{"clicks":{},"count":1,"query":"Drive Converter disk windows","time":1560841644},"Driver Updater":{"clicks":{"http://emtrek.org/viewtopic.php?t=49346":{"time":1560726854,"title":"Snappy Driver Installer R1904 | Драйверпаки 19.06.2 [2019, Rus/Multi, 32bit/64bit] (Официальная раздача)","trackerId":"080c74ad-d834-4ad8-8ec0-0eb3418be175","url":"http://emtrek.org/viewtopic.php?t=49346"}},"count":1,"query":"Driver Updater","time":1560725974},"Driver Updater + System Keeper":{"clicks":{"http://emtrek.org/viewtopic.php?t=48190":{"time":1560728442,"title":"Snappy Driver Installer R1811 | Драйверпаки 18.12.0 [2018, Rus/Multi, 32bit/64bit] (Официальная раздача)","trackerId":"080c74ad-d834-4ad8-8ec0-0eb3418be175","url":"http://emtrek.org/viewtopic.php?t=48190"}},"count":1,"query":"Driver Updater + System Keeper","time":1560728410},"Elcomsoft Advanced PDF Password Recovery":{"clicks":{},"count":5,"query":"Elcomsoft Advanced PDF Password Recovery","time":1560708392},"EveryLang":{"clicks":{"https://pb.wtf/topic/312615/":{"time":1560549464,"title":"Everylang PRO 3.4.0.0 + Portable [2018,Multi/Ru]","trackerId":"piratebit","url":"https://pb.wtf/topic/312615/"}},"count":2,"query":"EveryLang","time":1560560242},"FAT32":{"clicks":{},"count":1,"query":"FAT32","time":1560840657},"FAT32format":{"clicks":{},"count":1,"query":"FAT32format","time":1560843017},"Fat32":{"clicks":{"https://1337x.to/torrent/3012236/Fat32-Formatter-1-1/":{"time":1560837326,"title":"Fat32 Formatter 1.1","trackerId":"-1741332138","url":"https://1337x.to/torrent/3012236/Fat32-Formatter-1-1/"}},"count":1,"query":"Fat32","time":1560837321},"Fat32format":{"clicks":{},"count":1,"query":"Fat32format","time":1560837314},"FileZilla":{"clicks":{"https://nnmclub.to/forum/viewtopic.php?t=1301073":{"time":1560847990,"title":"FileZilla 3.42.1 + Portable [Multi/Ru]","trackerId":"nnmclub","url":"https://nnmclub.to/forum/viewtopic.php?t=1301073"}},"count":1,"query":"FileZilla","time":1560847968},"Foxit PDF Editor":{"clicks":{},"count":1,"query":"Foxit PDF Editor","time":1560705612},"Foxit Phantom Business":{"clicks":{"https://pb.wtf/topic/157037/":{"time":1560708043,"title":"Foxit PhantomPDF Business 7.0.8.1216 RePack by KpoJIuK [Multi/Ru]","trackerId":"piratebit","url":"https://pb.wtf/topic/157037/"}},"count":1,"query":"Foxit Phantom Business","time":1560708022},"Foxit Reader":{"clicks":{"http://emtrek.org/viewtopic.php?t=31024":{"time":1560703130,"title":"Adobe Reader XI 11.0.10 RePack by D!akov [Ru/En]","trackerId":"080c74ad-d834-4ad8-8ec0-0eb3418be175","url":"http://emtrek.org/viewtopic.php?t=31024"}},"count":1,"query":"Foxit Reader","time":1560703109},"FxSound":{"clicks":{},"count":3,"query":"FxSound","time":1560356360},"HDD Low Level Format Tool":{"clicks":{"https://pb.wtf/topic/326978/":{"time":1560837573,"title":"HDD Low Level Format Tool 4.40 | RePack & Portable by elchupacabra","trackerId":"piratebit","url":"https://pb.wtf/topic/326978/"}},"count":1,"query":"HDD Low Level Format Tool","time":1560837557},"JDownloader":{"clicks":{"https://rutracker.org/forum/viewtopic.php?t=4177034":{"time":1560545101,"title":"JDownloader 2.0 [2012, MULTILANG +RUS]+Portable","trackerId":"rutracker","url":"https://rutracker.org/forum/viewtopic.php?t=4177034"},"https://thepiratebay.org/torrent/20315650/JDownloader_2___Java_Software_(02-26-2018)":{"time":1560558710,"title":"JDownloader 2 + Java Software (02-26-2018)","trackerId":"thepiratebay","url":"https://thepiratebay.org/torrent/20315650/JDownloader_2___Java_Software_(02-26-2018)"}},"count":2,"query":"JDownloader","time":1560545398},"JDownloader 2 premium":{"clicks":{},"count":1,"query":"JDownloader 2 premium","time":1560545255},"Java":{"clicks":{"https://kaztorka.org/torrent/d4b4970a6835c899675bdd2fadf88cd39fd6bdf6":{"time":1560776880,"title":"Java SE Runtime Environment 8.0 Update 201 [EN]","trackerId":"400700048","url":"https://kaztorka.org/torrent/d4b4970a6835c899675bdd2fadf88cd39fd6bdf6"}},"count":2,"query":"Java","time":1560790279},"Java SE":{"clicks":{"http://emtrek.org/viewtopic.php?t=27863":{"time":1560777166,"title":"Java SE Runtime Environment 7.0 Update 67 [Multi/Ru]","trackerId":"080c74ad-d834-4ad8-8ec0-0eb3418be175","url":"http://emtrek.org/viewtopic.php?t=27863"},"https://nnmclub.to/forum/viewtopic.php?t=1216133":{"time":1560777189,"title":"Java SE Runtime Environment 10 (x64) [En]","trackerId":"nnmclub","url":"https://nnmclub.to/forum/viewtopic.php?t=1216133"}},"count":1,"query":"Java SE","time":1560777054},"LastPass":{"clicks":{"http://7tor.org/viewtopic.php?t=1161704&hilit=LastPass":{"time":1560305817,"title":"LastPass Password Manager 3.1.0 Final (x86-x64)~~","trackerId":"0197a201-6fae-4dce-94b4-84002d5f37cd","url":"http://7tor.org/viewtopic.php?t=1161704&hilit=LastPass"},"https://thepiratebay.org/torrent/23224830/LastPass_Password_Manager_4.1.58___x64":{"time":1560305819,"title":"LastPass Password Manager 4.1.58 + x64","trackerId":"thepiratebay","url":"https://thepiratebay.org/torrent/23224830/LastPass_Password_Manager_4.1.58___x64"}},"count":2,"query":"LastPass","time":1560305798},"MOZILLA":{"clicks":{},"count":3,"query":"MOZILLA","time":1559776641},"Magic NTFS Recovery":{"clicks":{"http://7tor.org/viewtopic.php?t=3326316&hilit=Magic+NTFS+Recovery":{"time":1560840567,"title":"Magic NTFS Recovery 2.6 Home Edition / Office Edition / Commercial Edition (2017) PC","trackerId":"0197a201-6fae-4dce-94b4-84002d5f37cd","url":"http://7tor.org/viewtopic.php?t=3326316&hilit=Magic+NTFS+Recovery"},"http://emtrek.org/viewtopic.php?t=31665":{"time":1560840592,"title":"Hetman NTFS Recovery 2.2 RePack (& Portable) by AlekseyPopovv [Multi/Ru]","trackerId":"080c74ad-d834-4ad8-8ec0-0eb3418be175","url":"http://emtrek.org/viewtopic.php?t=31665"},"http://emtrek.org/viewtopic.php?t=46360":{"time":1560840192,"title":"Magic Recovery Software (2018) PC | Portable by TryRooM","trackerId":"080c74ad-d834-4ad8-8ec0-0eb3418be175","url":"http://emtrek.org/viewtopic.php?t=46360"}},"count":1,"query":"Magic NTFS Recovery","time":1560840180},"Magic Recovery":{"clicks":{"http://emtrek.org/viewtopic.php?t=31040":{"time":1560840550,"title":"RS File Recovery 3.5 [Multi/Ru]","trackerId":"080c74ad-d834-4ad8-8ec0-0eb3418be175","url":"http://emtrek.org/viewtopic.php?t=31040"}},"count":1,"query":"Magic Recovery","time":1560840205},"Microsoft Activation Script":{"clicks":{},"count":1,"query":"Microsoft Activation Script","time":1560714379},"Microsoft Office":{"clicks":{"https://rutracker.org/forum/viewtopic.php?t=5633277":{"time":1560713601,"title":"Microsoft Office 2016-2019 RUS-ENG x86-x64 (AIO) by m0nkrus x86 x64 [2018, ENG + RUS]","trackerId":"rutracker","url":"https://rutracker.org/forum/viewtopic.php?t=5633277"}},"count":1,"query":"Microsoft Office","time":1560713588},"Microsoft Office pdf":{"clicks":{},"count":2,"query":"Microsoft Office pdf","time":1560713619},"Microsoft Office pdf\\":{"clicks":{},"count":2,"query":"Microsoft Office pdf\\","time":1560713619},"Microsoft Word 2016":{"clicks":{"http://emtrek.org/viewtopic.php?t=49254":{"time":1560714314,"title":"Microsoft Activation Script 0.9 (x86-x64) (2019) [Eng]","trackerId":"080c74ad-d834-4ad8-8ec0-0eb3418be175","url":"http://emtrek.org/viewtopic.php?t=49254"},"http://tapochek.net/viewtopic.php?t=200600":{"time":1560714475,"title":"Microsoft Word 2016 16.0.4498.1000 RePack by D!akov х86 (32bit) [2016, Eng/Ru/Ukr]","trackerId":"tapochek","url":"http://tapochek.net/viewtopic.php?t=200600"},"http://tapochek.net/viewtopic.php?t=200645":{"time":1560714703,"title":"Microsoft Word 2016 16.0.4498.1000 RePack by D!akov х64 [2016, Eng/Ru/Ukr]","trackerId":"tapochek","url":"http://tapochek.net/viewtopic.php?t=200645"}},"count":2,"query":"Microsoft Word 2016","time":1560714416},"MicrosoftStore":{"clicks":{},"count":1,"query":"MicrosoftStore","time":1560324991},"MiniTool Partition Wizard":{"clicks":{"https://pb.wtf/topic/331430/":{"time":1560880810,"title":"MiniTool Partition Wizard Technician 11.4.0 RePack by KpoJIuK [2019,Multi/Ru]","trackerId":"piratebit","url":"https://pb.wtf/topic/331430/"}},"count":1,"query":"MiniTool Partition Wizard","time":1560880635},"Movavi PDF":{"clicks":{"https://pb.wtf/topic/332145/":{"time":1560703461,"title":"Movavi PDF Editor 2.3.0 RePack (& Portable) by TryRooM [2019,Ru/En]","trackerId":"piratebit","url":"https://pb.wtf/topic/332145/"}},"count":1,"query":"Movavi PDF","time":1560703453},"Noisia ft. Black Sun Empire - The Veil (Killbox Remix)":{"clicks":{},"count":1,"query":"Noisia ft. Black Sun Empire - The Veil (Killbox Remix)","time":1560618431},"O&O DiskImage":{"clicks":{"http://tapochek.net/viewtopic.php?t=220232":{"time":1560840957,"title":"O&O BlueCon Admin + Tech Edition 16.0 Build 6639 [2019, Multi]","trackerId":"tapochek","url":"http://tapochek.net/viewtopic.php?t=220232"},"http://tapochek.net/viewtopic.php?t=220316":{"time":1560840946,"title":"O&O MediaRecovery Professional 14.0 Build 17 [2019, En]","trackerId":"tapochek","url":"http://tapochek.net/viewtopic.php?t=220316"},"https://pb.wtf/topic/278480/":{"time":1560841036,"title":"O&O DiskImage Professional 12.1 Build 145 RePack by elchupacabra [Ru/En/2018]","trackerId":"piratebit","url":"https://pb.wtf/topic/278480/"}},"count":1,"query":"O&O DiskImage","time":1560840928},"PDF Password Remover":{"clicks":{"http://emtrek.org/viewtopic.php?t=30780":{"time":1560707789,"title":"Maxidix Password Angel 14.11.5 Build 1050 RePack by Killer000 [Ru/En]","trackerId":"080c74ad-d834-4ad8-8ec0-0eb3418be175","url":"http://emtrek.org/viewtopic.php?t=30780"},"https://rutracker.org/forum/viewtopic.php?t=2327689":{"time":1560707903,"title":"PDF Password Remover 3.1","trackerId":"rutracker","url":"https://rutracker.org/forum/viewtopic.php?t=2327689"}},"count":2,"query":"PDF Password Remover","time":1560707749},"PROMT":{"clicks":{},"count":1,"query":"PROMT","time":1560317981},"RECOVERY":{"clicks":{},"count":2,"query":"RECOVERY","time":1559781276},"Skyload":{"clicks":{},"count":2,"query":"Skyload","time":1560306449},"Steel Division":{"clicks":{},"count":1,"query":"Steel Division","time":1560390789},"Steel Division 2":{"clicks":{"http://www.filebase.ws/torrents/games/246391/":{"time":1560390828,"title":"Steel Division: Normandy 44 (RePack) [2017] PC","trackerId":"filebase","url":"http://www.filebase.ws/torrents/games/246391/"}},"count":1,"query":"Steel Division 2","time":1560390802},"Sudden Strike 3":{"clicks":{"http://kinozal.tv/details.php?id=380639":{"time":1560386715,"title":"Sudden Strike 3: Arms for Victory / RU / Strategy / 2007 / PC (Windows)","trackerId":"0f5a5adb-2f1c-4377-b210-9312cd6b1a99","url":"http://kinozal.tv/details.php?id=380639"},"http://rutor.info/torrent/520074/sudden-strike-3-the-last-stand-2009-pc-licenzija":{"time":1560386957,"title":"Sudden Strike 3: The Last Stand (2009) PC | Лицензия ","trackerId":"rutor","url":"http://rutor.info/torrent/520074/sudden-strike-3-the-last-stand-2009-pc-licenzija"},"http://tapochek.net/viewtopic.php?t=212320":{"time":1560386709,"title":"Sudden Strike 3 (Kalypso Media Digital) (ENG|RUS|MULTI4) [DL|GOG] / [Windows] от R.G. GOGFAN","trackerId":"tapochek","url":"http://tapochek.net/viewtopic.php?t=212320"},"https://thepiratebay.org/torrent/19588384/Sudden_Strike_3_-_Arms_for_Victory___The_Last_Stand_[GOG]":{"time":1560387372,"title":"Sudden Strike 3 - Arms for Victory + The Last Stand [GOG]","trackerId":"thepiratebay","url":"https://thepiratebay.org/torrent/19588384/Sudden_Strike_3_-_Arms_for_Victory___The_Last_Stand_[GOG]"}},"count":1,"query":"Sudden Strike 3","time":1560386376},"Sudden Strike 3 dlc":{"clicks":{"https://avg.club/topic-sniper_elite_3_v_114_dlc_buka_entertainment_505_games_rus_repack_ot_xatab-t=35364.html":{"time":1560387387,"title":"Sniper Elite 3 [v 1.14 + DLC] (Buka Entertainment / 505 Games) (RUS) [RePack] от xatab","trackerId":"-105102117","url":"https://avg.club/topic-sniper_elite_3_v_114_dlc_buka_entertainment_505_games_rus_repack_ot_xatab-t=35364.html"}},"count":1,"query":"Sudden Strike 3 dlc","time":1560387382},"Sudden Strike 3 rus":{"clicks":{},"count":1,"query":"Sudden Strike 3 rus","time":1560388073},"Sudden Strike 3: Arms to Victory":{"clicks":{},"count":1,"query":"Sudden Strike 3: Arms to Victory","time":1560387869},"Sudden Strike 4":{"clicks":{"http://rutor.info/torrent/692056/sudden-strike-4-v-1.15.30080-dlcs-2017-pc-licenzija":{"time":1560380038,"title":"Sudden Strike 4 [v 1.15.30080 + DLCs] (2017) PC | Лицензия ","trackerId":"rutor","url":"http://rutor.info/torrent/692056/sudden-strike-4-v-1.15.30080-dlcs-2017-pc-licenzija"},"https://1337x.to/torrent/3303634/Sudden-Strike-4-Day-One-Edition-v1-12-28520-4-DLCs-MULTi11-FitGirl-Repack-Selective-Download-from-4-5-GB/":{"time":1560379541,"title":"Sudden Strike 4: Day One Edition (v1.12.28520 + 4 DLCs, MULTi11) [FitGirl Repack, Selective Download...2","trackerId":"-1741332138","url":"https://1337x.to/torrent/3303634/Sudden-Strike-4-Day-One-Edition-v1-12-28520-4-DLCs-MULTi11-FitGirl-Repack-Selective-Download-from-4-5-GB/"}},"count":2,"query":"Sudden Strike 4","time":1560379040},"Sudden Strike: The Last Stand":{"clicks":{"https://thepiratebay.org/torrent/19588384/Sudden_Strike_3_-_Arms_for_Victory___The_Last_Stand_[GOG]":{"time":1560388011,"title":"Sudden Strike 3 - Arms for Victory + The Last Stand [GOG]","trackerId":"thepiratebay","url":"https://thepiratebay.org/torrent/19588384/Sudden_Strike_3_-_Arms_for_Victory___The_Last_Stand_[GOG]"}},"count":2,"query":"Sudden Strike: The Last Stand","time":1560387991},"Theme Manager":{"clicks":{},"count":1,"query":"Theme Manager","time":1560773206},"Theme Manager 7":{"clicks":{},"count":2,"query":"Theme Manager 7","time":1560773292},"Theme Manager 7zip":{"clicks":{},"count":1,"query":"Theme Manager 7zip","time":1560773265},"Theme Manager v2.1.1":{"clicks":{"http://emtrek.org/viewtopic.php?t=37416":{"time":1560775973,"title":"Far Manager 3.0 Build 4455 Final RePack (& Portable) by D!akov [Ru/En]","trackerId":"080c74ad-d834-4ad8-8ec0-0eb3418be175","url":"http://emtrek.org/viewtopic.php?t=37416"}},"count":1,"query":"Theme Manager v2.1.1","time":1560773404},"Tor Browser":{"clicks":{"https://rutracker.org/forum/viewtopic.php?t=5186628":{"time":1560315390,"title":"Tor Browser Portable 8.0.9 + расширения","trackerId":"rutracker","url":"https://rutracker.org/forum/viewtopic.php?t=5186628"}},"count":1,"query":"Tor Browser","time":1560315338},"Unlocker":{"clicks":{"https://nnmclub.to/forum/viewtopic.php?t=105537":{"time":1560350758,"title":"Unlocker 1.8.7 [Multilang]","trackerId":"nnmclub","url":"https://nnmclub.to/forum/viewtopic.php?t=105537"},"https://nnmclub.to/forum/viewtopic.php?t=1246291":{"time":1560350822,"title":"IObit Unlocker 1.1.2.1 Final Portable by PortableAppC [Multi/Ru]","trackerId":"nnmclub","url":"https://nnmclub.to/forum/viewtopic.php?t=1246291"},"https://nnmclub.to/forum/viewtopic.php?t=1266278":{"time":1560350757,"title":"Windows Login Unlocker 1.0 (тестирование) [En]","trackerId":"nnmclub","url":"https://nnmclub.to/forum/viewtopic.php?t=1266278"},"https://nnmclub.to/forum/viewtopic.php?t=922863":{"time":1560350748,"title":"Peers TV 6.18.5 build 12712 Unlocked [Ru] - для просмотра ТВ онлайн и в записи","trackerId":"nnmclub","url":"https://nnmclub.to/forum/viewtopic.php?t=922863"}},"count":1,"query":"Unlocker","time":1560350715},"Your Phone":{"clicks":{},"count":2,"query":"Your Phone","time":1560519583},"aa":{"clicks":{},"count":3,"query":"aa","time":1559782480},"baidu":{"clicks":{"http://torrent-soft.net/torrent-antivirus/7454-baidu-antivirus-2014-44364051-multi-ru.html":{"time":1560391408,"title":"Baidu Antivirus 2014 4.4.3.64051 [Multi/Ru]","trackerId":"a7b85d00-6b66-4321-b030-b6d94d5f440c","url":"http://torrent-soft.net/torrent-antivirus/7454-baidu-antivirus-2014-44364051-multi-ru.html"},"https://1337x.to/torrent/3682065/Baidu-cloud-leak-secret-series-Sichuan-green-hat-complex-male-network-collection-fierce-man-and-wife-kinky-ecstasy-blowjob-without-licking/":{"time":1560391342,"title":"[Baidu cloud leak secret series] Sichuan green hat complex male network collection fierce man and w...","trackerId":"-1741332138","url":"https://1337x.to/torrent/3682065/Baidu-cloud-leak-secret-series-Sichuan-green-hat-complex-male-network-collection-fierce-man-and-wife-kinky-ecstasy-blowjob-without-licking/"},"https://nnmclub.to/forum/viewtopic.php?t=798910":{"time":1560394393,"title":"Baidu PC Faster 4.0.9.73729 [Multi]","trackerId":"nnmclub","url":"https://nnmclub.to/forum/viewtopic.php?t=798910"},"https://thepiratebay.org/torrent/16847519/Baidu_Cloud_5.5.2.exe":{"time":1560394384,"title":"Baidu Cloud 5.5.2.exe","trackerId":"thepiratebay","url":"https://thepiratebay.org/torrent/16847519/Baidu_Cloud_5.5.2.exe"}},"count":2,"query":"baidu","time":1560394366},"baidu cloud drive":{"clicks":{},"count":1,"query":"baidu cloud drive","time":1560394327},"baidu pan":{"clicks":{},"count":1,"query":"baidu pan","time":1560394359},"baidu pan cloud":{"clicks":{},"count":1,"query":"baidu pan cloud","time":1560394349},"baidu pan cloud drive":{"clicks":{},"count":1,"query":"baidu pan cloud drive","time":1560394342},"company of heroes 2":{"clicks":{"https://pb.wtf/topic/214237/":{"time":1560368451,"title":"Company of Heroes 2: Master Collection (4.0.0.23166 + DLC) (2014) [Repack, RUS/ENG] от R.G.Resident (обновлено 09.05.2019)","trackerId":"piratebit","url":"https://pb.wtf/topic/214237/"},"https://pb.wtf/topic/326474/":{"time":1560368458,"title":"Company of Heroes 2: Master Collection (4.0.0.23166 + DLC) (2014) [Лицензия, RUS / ENG] [SteamRip] от =nemos=","trackerId":"piratebit","url":"https://pb.wtf/topic/326474/"}},"count":1,"query":"company of heroes 2","time":1560368431},"disk":{"clicks":{"http://7tor.org/viewtopic.php?t=3693976&hilit=disk":{"time":1560839597,"title":"Hard Disk Sentinel Pro 5.40 Build 10482 Final (2019) PC | + Portable / RePack & Portable by TryRooM / KpoJIuK","trackerId":"0197a201-6fae-4dce-94b4-84002d5f37cd","url":"http://7tor.org/viewtopic.php?t=3693976&hilit=disk"},"http://torrent-soft.net/torrent-system/hhs/14626-raxco-perfectdisk-professional-server-140894-2019-rs-repack-by-elchupacabra.html":{"time":1560839673,"title":"Raxco PerfectDisk Professional / Server 14.0.894 (2019) РС | RePack by elchupacabra","trackerId":"a7b85d00-6b66-4321-b030-b6d94d5f440c","url":"http://torrent-soft.net/torrent-system/hhs/14626-raxco-perfectdisk-professional-server-140894-2019-rs-repack-by-elchupacabra.html"},"https://nnmclub.to/forum/viewtopic.php?t=1281652":{"time":1560839687,"title":"Disk Drill Enterprise 3.7.929 [Multi/Ru]","trackerId":"nnmclub","url":"https://nnmclub.to/forum/viewtopic.php?t=1281652"},"https://nnmclub.to/forum/viewtopic.php?t=1291686":{"time":1560839646,"title":"Hard Disk Sentinel Pro 5.40 Build 10482 + Portable [Multi/Ru]","trackerId":"nnmclub","url":"https://nnmclub.to/forum/viewtopic.php?t=1291686"}},"count":1,"query":"disk","time":1560839569},"fat32":{"clicks":{"https://nnmclub.to/forum/viewtopic.php?t=12804":{"time":1560840731,"title":"GetDataBack NTFS&FAT32","trackerId":"nnmclub","url":"https://nnmclub.to/forum/viewtopic.php?t=12804"}},"count":1,"query":"fat32","time":1560840720},"flash doctor":{"clicks":{"https://nnmclub.to/forum/viewtopic.php?t=419180":{"time":1560842354,"title":"USB Flash Doctor 1.0 [Русский]","trackerId":"nnmclub","url":"https://nnmclub.to/forum/viewtopic.php?t=419180"}},"count":1,"query":"flash doctor","time":1560842336},"game":{"clicks":{},"count":1,"query":"game","time":1559782490},"iobit uninstaller":{"clicks":{"https://nnmclub.to/forum/viewtopic.php?t=1305394":{"time":1560322710,"title":"IObit Uninstaller Pro 8.5.0.8 RePack (& Portable) by elchupacabra [Multi/Ru]","trackerId":"nnmclub","url":"https://nnmclub.to/forum/viewtopic.php?t=1305394"}},"count":1,"query":"iobit uninstaller","time":1560322502},"java":{"clicks":{"http://torrent-soft.net/torrent-system/torrent-sys-other/2833-java-se-runtime-environment-70-update-21-2013-multi-rus.html":{"time":1560745444,"title":"Java SE Runtime Environment 7.0 Update 21 (2013) Multi/Rus","trackerId":"a7b85d00-6b66-4321-b030-b6d94d5f440c","url":"http://torrent-soft.net/torrent-system/torrent-sys-other/2833-java-se-runtime-environment-70-update-21-2013-multi-rus.html"}},"count":1,"query":"java","time":1560745381},"java 64 bit windows 10":{"clicks":{},"count":1,"query":"java 64 bit windows 10","time":1560746244},"java rus":{"clicks":{"https://nnmclub.to/forum/viewtopic.php?t=670087":{"time":1560745503,"title":"Java SE Runtime Environment 7.0 Update 25 [Multi/Rus]","trackerId":"nnmclub","url":"https://nnmclub.to/forum/viewtopic.php?t=670087"}},"count":1,"query":"java rus","time":1560745485},"java windows 10":{"clicks":{},"count":1,"query":"java windows 10","time":1560746282},"java windows 10 64 bit":{"clicks":{},"count":1,"query":"java windows 10 64 bit","time":1560746278},"jdownloader":{"clicks":{},"count":1,"query":"jdownloader","time":1560545123},"jdownloader 2 premium":{"clicks":{},"count":1,"query":"jdownloader 2 premium","time":1560545237},"jdownloader 2 premium crack":{"clicks":{"https://avg.club/topic-solidworks_2018_sp30_full_premium_multilanguage_integrated_x64_2018_multilang_rus-t=109597.html":{"time":1560545273,"title":"SolidWorks 2018 SP3.0 Full Premium Multilanguage Integrated x64 [2018, MULTILANG +RUS]","trackerId":"-105102117","url":"https://avg.club/topic-solidworks_2018_sp30_full_premium_multilanguage_integrated_x64_2018_multilang_rus-t=109597.html"}},"count":1,"query":"jdownloader 2 premium crack","time":1560545266},"jdownloader 2 premium database":{"clicks":{"http://emtrek.org/viewtopic.php?t=39785":{"time":1560545186,"title":"WinTools.net Premium 16.4.1 [Multi/Ru]","trackerId":"080c74ad-d834-4ad8-8ec0-0eb3418be175","url":"http://emtrek.org/viewtopic.php?t=39785"},"https://avg.club/topic-solidworks_2018_sp30_full_premium_multilanguage_integrated_x64_2018_multilang_rus-t=109597.html":{"time":1560545158,"title":"SolidWorks 2018 SP3.0 Full Premium Multilanguage Integrated x64 [2018, MULTILANG +RUS]","trackerId":"-105102117","url":"https://avg.club/topic-solidworks_2018_sp30_full_premium_multilanguage_integrated_x64_2018_multilang_rus-t=109597.html"}},"count":1,"query":"jdownloader 2 premium database","time":1560545149},"jdownloader premium":{"clicks":{"http://emtrek.org/viewtopic.php?t=48676":{"time":1560545332,"title":"YouTube By Click Premium v.2.2.99 PC | RePack & Portable [2019, Rus/Multi, 32bit/64bit] by elchupacabra","trackerId":"080c74ad-d834-4ad8-8ec0-0eb3418be175","url":"http://emtrek.org/viewtopic.php?t=48676"}},"count":1,"query":"jdownloader premium","time":1560545318},"lastpass":{"clicks":{"https://nnmclub.to/forum/viewtopic.php?t=751614":{"time":1560305859,"title":"LastPass Password Manager 3.0.17 [Ru/En]","trackerId":"nnmclub","url":"https://nnmclub.to/forum/viewtopic.php?t=751614"}},"count":1,"query":"lastpass","time":1560305844},"microsoft office word":{"clicks":{"https://nnmclub.to/forum/viewtopic.php?t=1278796":{"time":1560713713,"title":"Microsoft Office Word 2007 SP3 Standard 12.0.6798.5000 (х86) Portable by Deodatto [Ru]","trackerId":"nnmclub","url":"https://nnmclub.to/forum/viewtopic.php?t=1278796"}},"count":2,"query":"microsoft office word","time":1560714173},"microsoft office word 16":{"clicks":{},"count":2,"query":"microsoft office word 16","time":1560714170},"microsoft office word promt":{"clicks":{},"count":1,"query":"microsoft office word promt","time":1560713909},"microsoft store":{"clicks":{},"count":1,"query":"microsoft store","time":1560325001},"microsoft word":{"clicks":{"http://tapochek.net/viewtopic.php?t=200645":{"time":1560714254,"title":"Microsoft Word 2016 16.0.4498.1000 RePack by D!akov х64 [2016, Eng/Ru/Ukr]","trackerId":"tapochek","url":"http://tapochek.net/viewtopic.php?t=200645"}},"count":1,"query":"microsoft word","time":1560714231},"office word 16":{"clicks":{},"count":1,"query":"office word 16","time":1560714134},"pdf":{"clicks":{"http://tapochek.net/viewtopic.php?t=219243":{"time":1560703862,"title":"Master PDF Editor 5.4.00 RePack (& Portable) by elchupacabra [2019,Multi/Ru]","trackerId":"tapochek","url":"http://tapochek.net/viewtopic.php?t=219243"},"https://pb.wtf/topic/332145/":{"time":1560703432,"title":"Movavi PDF Editor 2.3.0 RePack (& Portable) by TryRooM [2019,Ru/En]","trackerId":"piratebit","url":"https://pb.wtf/topic/332145/"}},"count":2,"query":"pdf","time":1560717848},"pdf Microsoft Office ":{"clicks":{},"count":1,"query":"pdf Microsoft Office ","time":1560713643},"pdf password":{"clicks":{"http://emtrek.org/viewtopic.php?t=29128":{"time":1560708299,"title":"Sticky Password 7.0.7.69 RePack by D!akov [Ru/En]","trackerId":"080c74ad-d834-4ad8-8ec0-0eb3418be175","url":"http://emtrek.org/viewtopic.php?t=29128"},"https://nnmclub.to/forum/viewtopic.php?t=1199925":{"time":1560708254,"title":"Coolmuster PDF Password Remover 2.1.9 RePack by вовава [En]","trackerId":"nnmclub","url":"https://nnmclub.to/forum/viewtopic.php?t=1199925"},"https://nnmclub.to/forum/viewtopic.php?t=1286052":{"time":1560708285,"title":"Recover PDF Password 4.0.238.0 [Multi/Ru]","trackerId":"nnmclub","url":"https://nnmclub.to/forum/viewtopic.php?t=1286052"},"https://rutracker.org/forum/viewtopic.php?t=5259641":{"time":1560708310,"title":"Elcomsoft Advanced PDF Password Recovery v5.06 Professional Edition 5.06 x86 x64 [2016, MULTILANG +RUS]","trackerId":"rutracker","url":"https://rutracker.org/forum/viewtopic.php?t=5259641"}},"count":1,"query":"pdf password","time":1560708239},"pdf password remover":{"clicks":{"https://rutracker.org/forum/viewtopic.php?t=4375643":{"time":1560708159,"title":"PDF Password Remover 5.0 x86 x64 [2012, ENG]","trackerId":"rutracker","url":"https://rutracker.org/forum/viewtopic.php?t=4375643"},"https://rutracker.org/forum/viewtopic.php?t=5508865":{"time":1560708157,"title":"Coolmuster PDF Password Remover 2.1.9 RePack by вовава x86 x64 [2018, ENG]","trackerId":"rutracker","url":"https://rutracker.org/forum/viewtopic.php?t=5508865"}},"count":1,"query":"pdf password remover","time":1560708104},"pdf password remover online":{"clicks":{},"count":1,"query":"pdf password remover online","time":1560708236},"pdf reader":{"clicks":{},"count":1,"query":"pdf reader","time":1560705391},"seks":{"clicks":{"https://extratorrent.si/torrent/15913411/Paula%20Roe%20Seks%20z%20przyjacielem%20(romans)%20[PDF]%20[PL].html":{"time":1559779810,"title":"Paula Roe Seks z przyjacielem (romans) [PDF] [PL]","trackerId":"9bc5acef-904d-43ba-9c72-be2ab66b29b9","url":"https://extratorrent.si/torrent/15913411/Paula%20Roe%20Seks%20z%20przyjacielem%20(romans)%20[PDF]%20[PL].html"}},"count":1,"query":"seks","time":1559779800},"skyload ":{"clicks":{},"count":1,"query":"skyload ","time":1560306458},"ss":{"clicks":{"https://nnmclub.to/forum/viewtopic.php?t=1118735":{"time":1559776420,"title":"Nekrokrist SS - Nekrokrist SS (2009) [FLAC|Lossless|image + .cue] <Black Metal>","trackerId":"nnmclub","url":"https://nnmclub.to/forum/viewtopic.php?t=1118735"},"https://nnmclub.to/forum/viewtopic.php?t=579386":{"time":1559781290,"title":"Amagami SS Plus / Amagami SS+ / Амагами СС+ / Амагами СС (ТВ-2) [2012, TV, 13+7] BDrip 720p raw + rus","trackerId":"nnmclub","url":"https://nnmclub.to/forum/viewtopic.php?t=579386"}},"count":20,"query":"ss","time":1559783559},"sudden strike":{"clicks":{"https://rutracker.org/forum/viewtopic.php?t=5436398":{"time":1560387906,"title":"[Антология] Sudden Strike / Противостояние (Военная хроника, Sudden Strike 1, 2, 3, Resource War/Битва за ресурсы, Hidden Stroke 2, Европа 2015, Принуждение к миру, Warfare Reloaded/3D. Перезагрузка) [1999-2010] [DOKA Media-GFI-Руссобит-М-1C-Бука]","trackerId":"rutracker","url":"https://rutracker.org/forum/viewtopic.php?t=5436398"}},"count":1,"query":"sudden strike","time":1560387902},"sudden strike 4":{"clicks":{},"count":3,"query":"sudden strike 4","time":1560531399},"sudden strike скачать":{"clicks":{},"count":1,"query":"sudden strike скачать","time":1560387894},"theme manager zip":{"clicks":{"http://7tor.org/viewtopic.php?t=1076750&hilit=theme+manager+zip":{"time":1560776028,"title":"7-Zip 9.20 Final: Original + RePack AIO ( Autoinstall & Portable ) by SPecialiST + Theme Manager + Resource Patcher [x86 & x64, Multi, 2010]","trackerId":"0197a201-6fae-4dce-94b4-84002d5f37cd","url":"http://7tor.org/viewtopic.php?t=1076750&hilit=theme+manager+zip"},"http://7tor.org/viewtopic.php?t=3417045&hilit=theme+manager+zip":{"time":1560773381,"title":"7-Zip 18.00 x86 x64 [2018, ENG + RUS] + 7-Zip Theme Manager 2.1.1 x86 x64 [2011, ENG]","trackerId":"0197a201-6fae-4dce-94b4-84002d5f37cd","url":"http://7tor.org/viewtopic.php?t=3417045&hilit=theme+manager+zip"},"https://kaztorka.org/torrent/d60102a07de1d04bbbf1f021b01e0ab2e89b43ac":{"time":1560776051,"title":"7-Zip 9.20 Final: Original + RePack AIO + Theme Manager + Resource Patcher [RUS] [Repack]","trackerId":"400700048","url":"https://kaztorka.org/torrent/d60102a07de1d04bbbf1f021b01e0ab2e89b43ac"},"https://nnmclub.to/forum/viewtopic.php?t=275990":{"time":1560773335,"title":"7-Zip 9.20 Final: Original + RePack AIO ( Autoinstall & Portable ) by SPecialiST + Theme Manager + Resource Patcher [x86 & x64, Multi, 2010]","trackerId":"nnmclub","url":"https://nnmclub.to/forum/viewtopic.php?t=275990"}},"count":1,"query":"theme manager zip","time":1560773306},"uninstaller":{"clicks":{},"count":1,"query":"uninstaller","time":1560322491},"zip":{"clicks":{"http://7tor.org/viewtopic.php?t=3393986&hilit=zip":{"time":1560773191,"title":"7-Zip 17.01 x86 x64 [2017, ENG + RUS] + 7-Zip Theme Manager 2.1.1 x86 x64 [2011, ENG]","trackerId":"0197a201-6fae-4dce-94b4-84002d5f37cd","url":"http://7tor.org/viewtopic.php?t=3393986&hilit=zip"},"http://rutor.info/torrent/326195/7-zip-9.20-final-2013-pc-repack-aio-by-specialist":{"time":1560773165,"title":"7-Zip 9.20 Final (2013) PC | + RePack AIO by SPecialiST ","trackerId":"rutor","url":"http://rutor.info/torrent/326195/7-zip-9.20-final-2013-pc-repack-aio-by-specialist"},"https://rutracker.org/forum/viewtopic.php?t=5120110":{"time":1560773026,"title":"7-Zip 15.12 Final x86 / x64 (Original + Portable) [The new Build: The release date of this new version in 19.11.2015 Year] MultiLanguage + Ukr + Rus","trackerId":"rutracker","url":"https://rutracker.org/forum/viewtopic.php?t=5120110"}},"count":2,"query":"zip","time":1560790499},"zz":{"clicks":{},"count":2,"query":"zz","time":1559782054}}