[{"collapsed":false,"id":"favorites","moduleId":"favorites","moduleParams":"","rowCount":2,"zoom":100},{"collapsed":false,"id":"kpFavorites","moduleId":"kpFavorites","moduleParams":"categoryId=%kpFolderId%","rowCount":2,"zoom":100},{"collapsed":false,"id":"kpInCinema","moduleId":"kpInCinema","moduleParams":"","rowCount":1,"zoom":60},{"collapsed":false,"id":"imdbInCinema","moduleId":"imdbInCinema","moduleParams":"","rowCount":2,"zoom":100},{"collapsed":false,"id":"kpPopular","moduleId":"kpPopular","moduleParams":"","rowCount":2,"zoom":100},{"collapsed":false,"id":"imdbPopular","moduleId":"imdbPopular","moduleParams":"","rowCount":2,"zoom":100},{"collapsed":false,"id":"kpSeries","moduleId":"kpSeries","moduleParams":"","rowCount":2,"zoom":100},{"collapsed":false,"id":"imdbSeries","moduleId":"imdbSeries","moduleParams":"","rowCount":2,"zoom":100},{"collapsed":false,"id":"ggGamesNew","moduleId":"ggGamesNew","moduleParams":"","rowCount":2,"zoom":100},{"collapsed":false,"id":"ggGamesTop","moduleId":"ggGamesTop","moduleParams":"","rowCount":2,"zoom":100}]