{"categoryWordFilter":true,"contextMenu":true,"defineCategory":true,"disablePopup":false,"doNotSendStatistics":true,"explorerSections":{"favorites":true,"ggGamesNew":true,"ggGamesTop":true,"imdbInCinema":true,"imdbPopular":true,"imdbSeries":false,"kpFavorites":true,"kpInCinema":true,"kpPopular":true,"kpSeries":false},"hidePeerRow":true,"hideSeedRow":false,"invertIcon":false,"kpFolderId":"1","originalPosterName":false,"repositories":["https://api.github.com/repos/feverqwe/tSearch/contents/external"],"requestQueryDescription":true,"singleResultTable":true,"sorts":[{"by":"date","direction":0}],"trackerListHeight":820}