[{"id":"ee27e80e-9ba4-41de-8336-d88ed1e15384","name":"XXX 111","trackers":[{"id":"rutracker","meta":{"downloadURL":"https://github.com/Feverqwe/tSearch/raw/master/src/trackers/rutracker.js","name":"Рутрекер","trackerURL":"https://rutracker.org"},"options":{"enableProxy":false}},{"id":"rutor","meta":{"downloadURL":"https://github.com/Feverqwe/tSearch/raw/master/src/trackers/rutor.js","name":"Рутор","trackerURL":"http://rutor.info"},"options":{"enableProxy":false}},{"id":"65599935","meta":{"downloadURL":"https://raw.githubusercontent.com/Feverqwe/tSearch/master/external/rustorka_com.json","name":"Rustorka","trackerURL":"http://rustorka.com/forum/"},"options":{"enableProxy":false}},{"id":"305490487","meta":{"downloadURL":"https://raw.githubusercontent.com/Feverqwe/tSearch/master/external/vtracker_org.json","name":"vtracker.org","trackerURL":"http://vtracker.org/forum/"},"options":{"enableProxy":false}},{"id":"400700048","meta":{"downloadURL":"https://raw.githubusercontent.com/Feverqwe/tSearch/master/external/kaztorka_org.json","name":"Kaztorka.org","trackerURL":"http://kaztorka.org/"},"options":{"enableProxy":false}},{"id":"897922339","meta":{"downloadURL":"https://raw.githubusercontent.com/Feverqwe/tSearch/master/external/zoneland_ru.json","name":"zoneland.ru","trackerURL":"http://zoneland.ru/forum/"},"options":{"enableProxy":false}},{"id":"-105102117","meta":{"downloadURL":"https://raw.githubusercontent.com/Feverqwe/tSearch/master/external/avg_club.json","name":"avg.club","trackerURL":"http://avg.club/"},"options":{"enableProxy":false}},{"id":"-1741332138","meta":{"downloadURL":"https://raw.githubusercontent.com/Feverqwe/tSearch/master/external/1337x_to.json","name":"1337x","trackerURL":"http://1337x.to/search/%search%/1/"},"options":{"enableProxy":false}},{"id":"brodim","meta":{"downloadURL":"https://github.com/Feverqwe/tSearch/raw/master/src/trackers/brodim.js","name":"Brodim","trackerURL":"http://brodim.com"},"options":{"enableProxy":false}},{"id":"filebase","meta":{"downloadURL":"https://github.com/Feverqwe/tSearch/raw/master/src/trackers/filebase.js","name":"FileBase","trackerURL":"http://www.filebase.ws"},"options":{"enableProxy":false}},{"id":"piratebit","meta":{"downloadURL":"https://github.com/Feverqwe/tSearch/raw/master/src/trackers/piratebit.js","name":"Piratbit","trackerURL":"https://pb.wtf"},"options":{"enableProxy":false}},{"id":"tapochek","meta":{"downloadURL":"https://github.com/Feverqwe/tSearch/raw/master/src/trackers/tapochek.js","name":"Tapochek","trackerURL":"http://tapochek.net"},"options":{"enableProxy":false}},{"id":"af64caf1-8b31-446c-828f-566aced6bf32","meta":{"name":"hdreactor.org","trackerURL":"http://hdreactor.org/"},"options":{"enableProxy":false}},{"id":"tfile","meta":{"downloadURL":"http://github.com/Feverqwe/tSearch/raw/master/src/trackers/tfile.js","name":"TFile","trackerURL":"http://tfile1.cc"},"options":{"enableProxy":false}},{"id":"a7b85d00-6b66-4321-b030-b6d94d5f440c","meta":{"name":"Torrent-Soft","trackerURL":"http://torrent-soft.net"},"options":{"enableProxy":false}},{"id":"0f5a5adb-2f1c-4377-b210-9312cd6b1a99","meta":{"downloadURL":"https://github.com/Feverqwe/tSearch/raw/master/src/trackers/kinozal.js","name":"Кинозал","trackerURL":"http://kinozal.tv"},"options":{"enableProxy":false}},{"id":"nnmclub","meta":{"downloadURL":"https://github.com/Feverqwe/tSearch/raw/master/src/trackers/nnmclub.js","name":"NoNaMe","trackerURL":"https://nnmclub.to"},"options":{"enableProxy":false}},{"id":"997f74c2-5bad-495b-9d3a-10129a7a3f30","meta":{"name":"hitway.net","trackerURL":"http://hitway.net/"},"options":{"enableProxy":false}},{"id":"b281882d-2461-43c3-ad53-ca6933aadfc8","meta":{"name":"Torrent-Games","trackerURL":"http://torrent-games.info"},"options":{"enableProxy":false}},{"id":"opentorrent","meta":{"downloadURL":"https://github.com/Feverqwe/tSearch/raw/master/src/trackers/opentorrent.js","name":"OpenTorrent","trackerURL":"https://izhtorrent.ru"},"options":{"enableProxy":false}},{"id":"megashara","meta":{"downloadURL":"https://github.com/Feverqwe/tSearch/raw/master/src/trackers/megashara.js","name":"Мегашара","trackerURL":"http://megashara.com/"},"options":{"enableProxy":false}},{"id":"cda80914-2cd9-4e2c-874e-bf91fd56ac92","meta":{"name":"torrent.rus.ec","trackerURL":"http://torrent.rus.ec/"},"options":{"enableProxy":false}},{"id":"8073cb32-5371-43e8-8dd0-cc3d09931494","meta":{"name":"Kaztorka.org","trackerURL":"http://kaztorka.org/"},"options":{"enableProxy":false}},{"id":"5c0e005e-5b90-467b-9661-9997f18e92bf","meta":{"name":"Bigfangroup","trackerURL":"http://www.bigfangroup.org/"},"options":{"enableProxy":false}},{"id":"booktracker","meta":{"downloadURL":"https://github.com/Feverqwe/tSearch/raw/master/src/trackers/booktracker.js","name":"Книжный трекер","trackerURL":"https://booktracker.org"},"options":{"enableProxy":false}},{"id":"thepiratebay","meta":{"downloadURL":"https://github.com/Feverqwe/tSearch/raw/master/src/trackers/thepiratebay.js","name":"ThePirateBay","trackerURL":"https://thepiratebay.org"},"options":{"enableProxy":false}},{"id":"0197a201-6fae-4dce-94b4-84002d5f37cd","meta":{"name":"7tor.org","trackerURL":"http://7tor.org/"},"options":{"enableProxy":false}},{"id":"67d99d97-fbd8-453a-af4d-21f840cc95dd","meta":{"name":"Seedoff.Net","trackerURL":"http://www.seedoff.net/"},"options":{"enableProxy":false}},{"id":"080c74ad-d834-4ad8-8ec0-0eb3418be175","meta":{"name":"Emtrek.org","trackerURL":"http://emtrek.org/"},"options":{"enableProxy":false}},{"id":"kinozal","meta":{"downloadURL":"https://github.com/Feverqwe/tSearch/raw/master/src/trackers/kinozal.js","name":"Кинозал","trackerURL":"http://kinozal.tv"},"options":{"enableProxy":false}},{"id":"600354060","meta":{"downloadURL":"https://raw.githubusercontent.com/Feverqwe/tSearch/master/external/tracker_name.json","name":"tracker.name","trackerURL":"http://tracker.name/"},"options":{"enableProxy":false}},{"id":"rgfootball","meta":{"downloadURL":"https://github.com/Feverqwe/tSearch/raw/master/src/trackers/rgfootball.js","name":"rgFootball","trackerURL":"http://rgfootball.net/"},"options":{"enableProxy":false}}]},{"id":"c31e92dd-7d93-4ede-b9ce-9698c4fe92e1","name":"New 2","trackers":[{"id":"527898823","meta":{"downloadURL":"https://raw.githubusercontent.com/Feverqwe/tSearch/master/external/limetorrents_cc.json","name":"LimeTorrents","trackerURL":"https://www.limetorrents.cc/"},"options":{"enableProxy":false}},{"id":"631327026","meta":{"downloadURL":"https://raw.githubusercontent.com/Feverqwe/tSearch/master/external/torrentdownloads_me.json","name":"Torrent Downloads","trackerURL":"http://www.torrentdownloads.me/search/"},"options":{"enableProxy":false}},{"id":"extratorrent","meta":{"downloadURL":"https://github.com/Feverqwe/tSearch/raw/master/src/trackers/extratorrent.js","name":"ExtraTorrent","trackerURL":"https://extratorrent.si"},"options":{"enableProxy":false}},{"id":"f96180e7-1f57-445a-8b22-4baf99fc399b","meta":{"name":"TorrentMac.org","trackerURL":"http://torrentmac.org/"},"options":{"enableProxy":false}},{"id":"-622000825","meta":{"downloadURL":"https://raw.githubusercontent.com/Feverqwe/tSearch/master/external/pornolab_net.json","name":"Pornolab","trackerURL":"http://pornolab.net/forum/"},"options":{"enableProxy":false}},{"id":"-741399036","meta":{"downloadURL":"https://raw.githubusercontent.com/Feverqwe/tSearch/master/external/rarbg_com.json","name":"rarbg.to","trackerURL":"http://rarbg.to/"},"options":{"enableProxy":false}},{"id":"rgfootball","meta":{"downloadURL":"https://github.com/Feverqwe/tSearch/raw/master/src/trackers/rgfootball.js","name":"rgFootball","trackerURL":"http://rgfootball.net/"},"options":{"enableProxy":false}},{"id":"7396750f-86d3-41b4-9ba2-abc49e4f70a9","meta":{"downloadURL":"https://github.com/Feverqwe/tSearch/raw/master/src/trackers/bitsnoop.js","name":"BitSnoop","trackerURL":"https://bitsnoop.com"},"options":{"enableProxy":false}}]}]